[{"model": "contenttypes.contenttype", "pk": 1, "fields": {"app_label": "admin", "model": "logentry"}}, {"model": "contenttypes.contenttype", "pk": 2, "fields": {"app_label": "auth", "model": "permission"}}, {"model": "contenttypes.contenttype", "pk": 3, "fields": {"app_label": "auth", "model": "group"}}, {"model": "contenttypes.contenttype", "pk": 4, "fields": {"app_label": "auth", "model": "user"}}, {"model": "contenttypes.contenttype", "pk": 5, "fields": {"app_label": "contenttypes", "model": "contenttype"}}, {"model": "contenttypes.contenttype", "pk": 6, "fields": {"app_label": "sessions", "model": "session"}}, {"model": "contenttypes.contenttype", "pk": 7, "fields": {"app_label": "blog", "model": "blogtype"}}, {"model": "contenttypes.contenttype", "pk": 8, "fields": {"app_label": "blog", "model": "blog"}}, {"model": "contenttypes.contenttype", "pk": 9, "fields": {"app_label": "blog", "model": "readnum"}}, {"model": "contenttypes.contenttype", "pk": 10, "fields": {"app_label": "read_statistics", "model": "readnum"}}, {"model": "contenttypes.contenttype", "pk": 11, "fields": {"app_label": "read_statistics", "model": "readdetail"}}, {"model": "contenttypes.contenttype", "pk": 12, "fields": {"app_label": "comment", "model": "comment"}}, {"model": "contenttypes.contenttype", "pk": 13, "fields": {"app_label": "likes", "model": "likerecord"}}, {"model": "contenttypes.contenttype", "pk": 14, "fields": {"app_label": "likes", "model": "likecount"}}, {"model": "contenttypes.contenttype", "pk": 15, "fields": {"app_label": "user", "model": "profile"}}, {"model": "sessions.session", "pk": "2u7ie6ziq9svhm0kje56u3qsabsjc43e", "fields": {"session_data": "OTIxMDkwNTc5MTcxYmNhNjVjNDA4NTlmMjZhNjdjMTQ0MGJlZTkzYzp7Il9hdXRoX3VzZXJfaWQiOiIxIiwiX2F1dGhfdXNlcl9iYWNrZW5kIjoiZGphbmdvLmNvbnRyaWIuYXV0aC5iYWNrZW5kcy5Nb2RlbEJhY2tlbmQiLCJfYXV0aF91c2VyX2hhc2giOiI3MzEwMjkxZWNhNjIyZWFjYjMyZjYyYWU3Y2RmZjczYWQ0MGRhZTdmIn0=", "expire_date": "2019-12-02T16:37:43.516"}}, {"model": "sessions.session", "pk": "ic0n2628i6exfbf6hpj4u0rhlhg7zx80", "fields": {"session_data": "OTIxMDkwNTc5MTcxYmNhNjVjNDA4NTlmMjZhNjdjMTQ0MGJlZTkzYzp7Il9hdXRoX3VzZXJfaWQiOiIxIiwiX2F1dGhfdXNlcl9iYWNrZW5kIjoiZGphbmdvLmNvbnRyaWIuYXV0aC5iYWNrZW5kcy5Nb2RlbEJhY2tlbmQiLCJfYXV0aF91c2VyX2hhc2giOiI3MzEwMjkxZWNhNjIyZWFjYjMyZjYyYWU3Y2RmZjczYWQ0MGRhZTdmIn0=", "expire_date": "2019-11-28T06:56:42.929"}}, {"model": "sessions.session", "pk": "levj028fpytrmvvtsmsh0nd9r51h8x8x", "fields": {"session_data": "OTIxMDkwNTc5MTcxYmNhNjVjNDA4NTlmMjZhNjdjMTQ0MGJlZTkzYzp7Il9hdXRoX3VzZXJfaWQiOiIxIiwiX2F1dGhfdXNlcl9iYWNrZW5kIjoiZGphbmdvLmNvbnRyaWIuYXV0aC5iYWNrZW5kcy5Nb2RlbEJhY2tlbmQiLCJfYXV0aF91c2VyX2hhc2giOiI3MzEwMjkxZWNhNjIyZWFjYjMyZjYyYWU3Y2RmZjczYWQ0MGRhZTdmIn0=", "expire_date": "2019-12-06T05:30:31.424"}}, {"model": "sessions.session", "pk": "m0k2u0gtd75epksiixmowszwsqmu8wb5", "fields": {"session_data": "OTIxMDkwNTc5MTcxYmNhNjVjNDA4NTlmMjZhNjdjMTQ0MGJlZTkzYzp7Il9hdXRoX3VzZXJfaWQiOiIxIiwiX2F1dGhfdXNlcl9iYWNrZW5kIjoiZGphbmdvLmNvbnRyaWIuYXV0aC5iYWNrZW5kcy5Nb2RlbEJhY2tlbmQiLCJfYXV0aF91c2VyX2hhc2giOiI3MzEwMjkxZWNhNjIyZWFjYjMyZjYyYWU3Y2RmZjczYWQ0MGRhZTdmIn0=", "expire_date": "2019-12-19T23:37:53.469"}}, {"model": "sessions.session", "pk": "nk2oiru9k1ptcy3z7a1vrdxf8h4u2gp5", "fields": {"session_data": "OTIxMDkwNTc5MTcxYmNhNjVjNDA4NTlmMjZhNjdjMTQ0MGJlZTkzYzp7Il9hdXRoX3VzZXJfaWQiOiIxIiwiX2F1dGhfdXNlcl9iYWNrZW5kIjoiZGphbmdvLmNvbnRyaWIuYXV0aC5iYWNrZW5kcy5Nb2RlbEJhY2tlbmQiLCJfYXV0aF91c2VyX2hhc2giOiI3MzEwMjkxZWNhNjIyZWFjYjMyZjYyYWU3Y2RmZjczYWQ0MGRhZTdmIn0=", "expire_date": "2019-12-01T00:44:32.800"}}, {"model": "blog.blogtype", "pk": 1, "fields": {"type_name": "Django"}}, {"model": "blog.blogtype", "pk": 2, "fields": {"type_name": "\u968f\u7b14"}}, {"model": "blog.blogtype", "pk": 3, "fields": {"type_name": "\u611f\u609f"}}, {"model": "read_statistics.readnum", "pk": 1, "fields": {"read_num": 15, "content_type": 8, "object_id": 36}}, {"model": "read_statistics.readnum", "pk": 2, "fields": {"read_num": 3, "content_type": 8, "object_id": 34}}, {"model": "read_statistics.readnum", "pk": 3, "fields": {"read_num": 1, "content_type": 8, "object_id": 33}}, {"model": "read_statistics.readnum", "pk": 4, "fields": {"read_num": 1, "content_type": 8, "object_id": 32}}, {"model": "read_statistics.readnum", "pk": 5, "fields": {"read_num": 3, "content_type": 8, "object_id": 35}}, {"model": "read_statistics.readnum", "pk": 6, "fields": {"read_num": 1, "content_type": 8, "object_id": 31}}, {"model": "read_statistics.readnum", "pk": 7, "fields": {"read_num": 1, "content_type": 8, "object_id": 30}}, {"model": "read_statistics.readdetail", "pk": 2, "fields": {"date": "2019-11-21T05:31:00", "read_num": 4, "content_type": 8, "object_id": 36}}, {"model": "read_statistics.readdetail", "pk": 4, "fields": {"date": "2019-11-22T00:00:00", "read_num": 1, "content_type": 8, "object_id": 31}}, {"model": "read_statistics.readdetail", "pk": 5, "fields": {"date": "2019-11-22T00:00:00", "read_num": 1, "content_type": 8, "object_id": 36}}, {"model": "read_statistics.readdetail", "pk": 6, "fields": {"date": "2019-11-22T00:00:00", "read_num": 1, "content_type": 8, "object_id": 34}}, {"model": "read_statistics.readdetail", "pk": 7, "fields": {"date": "2019-11-22T00:00:00", "read_num": 1, "content_type": 8, "object_id": 30}}, {"model": "read_statistics.readdetail", "pk": 8, "fields": {"date": "2019-11-23T00:00:00", "read_num": 1, "content_type": 8, "object_id": 36}}, {"model": "read_statistics.readdetail", "pk": 9, "fields": {"date": "2019-11-24T00:00:00", "read_num": 1, "content_type": 8, "object_id": 35}}, {"model": "read_statistics.readdetail", "pk": 10, "fields": {"date": "2019-11-26T00:00:00", "read_num": 1, "content_type": 8, "object_id": 36}}, {"model": "read_statistics.readdetail", "pk": 11, "fields": {"date": "2019-12-04T00:00:00", "read_num": 1, "content_type": 8, "object_id": 36}}, {"model": "read_statistics.readdetail", "pk": 12, "fields": {"date": "2019-12-04T00:00:00", "read_num": 1, "content_type": 8, "object_id": 35}}, {"model": "read_statistics.readdetail", "pk": 13, "fields": {"date": "2019-12-04T00:00:00", "read_num": 1, "content_type": 8, "object_id": 34}}, {"model": "likes.likecount", "pk": 1, "fields": {"content_type": 8, "object_id": 36, "liked_num": 0}}, {"model": "likes.likecount", "pk": 2, "fields": {"content_type": 8, "object_id": 35, "liked_num": 1}}, {"model": "likes.likecount", "pk": 3, "fields": {"content_type": 8, "object_id": 34, "liked_num": 0}}, {"model": "likes.likecount", "pk": 4, "fields": {"content_type": 8, "object_id": 33, "liked_num": 0}}, {"model": "likes.likecount", "pk": 5, "fields": {"content_type": 8, "object_id": 32, "liked_num": 0}}, {"model": "likes.likecount", "pk": 6, "fields": {"content_type": 8, "object_id": 31, "liked_num": 0}}, {"model": "likes.likecount", "pk": 7, "fields": {"content_type": 8, "object_id": 30, "liked_num": 0}}, {"model": "likes.likecount", "pk": 8, "fields": {"content_type": 12, "object_id": 22, "liked_num": 0}}, {"model": "likes.likecount", "pk": 9, "fields": {"content_type": 12, "object_id": 23, "liked_num": 0}}, {"model": "likes.likecount", "pk": 10, "fields": {"content_type": 12, "object_id": 20, "liked_num": 0}}, {"model": "likes.likecount", "pk": 11, "fields": {"content_type": 12, "object_id": 21, "liked_num": 0}}, {"model": "likes.likecount", "pk": 12, "fields": {"content_type": 12, "object_id": 15, "liked_num": 0}}, {"model": "likes.likecount", "pk": 13, "fields": {"content_type": 12, "object_id": 14, "liked_num": 0}}, {"model": "likes.likecount", "pk": 14, "fields": {"content_type": 12, "object_id": 13, "liked_num": 0}}, {"model": "likes.likecount", "pk": 15, "fields": {"content_type": 12, "object_id": 12, "liked_num": 0}}, {"model": "likes.likecount", "pk": 16, "fields": {"content_type": 12, "object_id": 10, "liked_num": 0}}, {"model": "likes.likecount", "pk": 17, "fields": {"content_type": 12, "object_id": 18, "liked_num": 0}}, {"model": "likes.likecount", "pk": 18, "fields": {"content_type": 12, "object_id": 19, "liked_num": 0}}, {"model": "likes.likecount", "pk": 19, "fields": {"content_type": 12, "object_id": 9, "liked_num": 0}}, {"model": "likes.likecount", "pk": 20, "fields": {"content_type": 12, "object_id": 8, "liked_num": 0}}, {"model": "likes.likecount", "pk": 21, "fields": {"content_type": 12, "object_id": 7, "liked_num": 0}}, {"model": "likes.likecount", "pk": 22, "fields": {"content_type": 12, "object_id": 6, "liked_num": 0}}, {"model": "likes.likecount", "pk": 23, "fields": {"content_type": 12, "object_id": 5, "liked_num": 0}}, {"model": "likes.likecount", "pk": 24, "fields": {"content_type": 12, "object_id": 4, "liked_num": 0}}, {"model": "likes.likecount", "pk": 25, "fields": {"content_type": 12, "object_id": 3, "liked_num": 0}}, {"model": "likes.likecount", "pk": 26, "fields": {"content_type": 12, "object_id": 2, "liked_num": 0}}, {"model": "likes.likecount", "pk": 27, "fields": {"content_type": 12, "object_id": 1, "liked_num": 0}}, {"model": "likes.likecount", "pk": 28, "fields": {"content_type": 12, "object_id": 16, "liked_num": 0}}, {"model": "likes.likecount", "pk": 29, "fields": {"content_type": 12, "object_id": 11, "liked_num": 0}}, {"model": "likes.likecount", "pk": 30, "fields": {"content_type": 12, "object_id": 24, "liked_num": 0}}, {"model": "likes.likecount", "pk": 31, "fields": {"content_type": 12, "object_id": 25, "liked_num": 0}}, {"model": "likes.likecount", "pk": 32, "fields": {"content_type": 12, "object_id": 26, "liked_num": 0}}, {"model": "likes.likecount", "pk": 33, "fields": {"content_type": 12, "object_id": 27, "liked_num": 0}}, {"model": "likes.likecount", "pk": 34, "fields": {"content_type": 12, "object_id": 28, "liked_num": 0}}, {"model": "auth.permission", "pk": 1, "fields": {"name": "Can add log entry", "content_type": 1, "codename": "add_logentry"}}, {"model": "auth.permission", "pk": 2, "fields": {"name": "Can change log entry", "content_type": 1, "codename": "change_logentry"}}, {"model": "auth.permission", "pk": 3, "fields": {"name": "Can delete log entry", "content_type": 1, "codename": "delete_logentry"}}, {"model": "auth.permission", "pk": 4, "fields": {"name": "Can view log entry", "content_type": 1, "codename": "view_logentry"}}, {"model": "auth.permission", "pk": 5, "fields": {"name": "Can add permission", "content_type": 2, "codename": "add_permission"}}, {"model": "auth.permission", "pk": 6, "fields": {"name": "Can change permission", "content_type": 2, "codename": "change_permission"}}, {"model": "auth.permission", "pk": 7, "fields": {"name": "Can delete permission", "content_type": 2, "codename": "delete_permission"}}, {"model": "auth.permission", "pk": 8, "fields": {"name": "Can view permission", "content_type": 2, "codename": "view_permission"}}, {"model": "auth.permission", "pk": 9, "fields": {"name": "Can add group", "content_type": 3, "codename": "add_group"}}, {"model": "auth.permission", "pk": 10, "fields": {"name": "Can change group", "content_type": 3, "codename": "change_group"}}, {"model": "auth.permission", "pk": 11, "fields": {"name": "Can delete group", "content_type": 3, "codename": "delete_group"}}, {"model": "auth.permission", "pk": 12, "fields": {"name": "Can view group", "content_type": 3, "codename": "view_group"}}, {"model": "auth.permission", "pk": 13, "fields": {"name": "Can add user", "content_type": 4, "codename": "add_user"}}, {"model": "auth.permission", "pk": 14, "fields": {"name": "Can change user", "content_type": 4, "codename": "change_user"}}, {"model": "auth.permission", "pk": 15, "fields": {"name": "Can delete user", "content_type": 4, "codename": "delete_user"}}, {"model": "auth.permission", "pk": 16, "fields": {"name": "Can view user", "content_type": 4, "codename": "view_user"}}, {"model": "auth.permission", "pk": 17, "fields": {"name": "Can add content type", "content_type": 5, "codename": "add_contenttype"}}, {"model": "auth.permission", "pk": 18, "fields": {"name": "Can change content type", "content_type": 5, "codename": "change_contenttype"}}, {"model": "auth.permission", "pk": 19, "fields": {"name": "Can delete content type", "content_type": 5, "codename": "delete_contenttype"}}, {"model": "auth.permission", "pk": 20, "fields": {"name": "Can view content type", "content_type": 5, "codename": "view_contenttype"}}, {"model": "auth.permission", "pk": 21, "fields": {"name": "Can add session", "content_type": 6, "codename": "add_session"}}, {"model": "auth.permission", "pk": 22, "fields": {"name": "Can change session", "content_type": 6, "codename": "change_session"}}, {"model": "auth.permission", "pk": 23, "fields": {"name": "Can delete session", "content_type": 6, "codename": "delete_session"}}, {"model": "auth.permission", "pk": 24, "fields": {"name": "Can view session", "content_type": 6, "codename": "view_session"}}, {"model": "auth.permission", "pk": 25, "fields": {"name": "Can add blog type", "content_type": 7, "codename": "add_blogtype"}}, {"model": "auth.permission", "pk": 26, "fields": {"name": "Can change blog type", "content_type": 7, "codename": "change_blogtype"}}, {"model": "auth.permission", "pk": 27, "fields": {"name": "Can delete blog type", "content_type": 7, "codename": "delete_blogtype"}}, {"model": "auth.permission", "pk": 28, "fields": {"name": "Can view blog type", "content_type": 7, "codename": "view_blogtype"}}, {"model": "auth.permission", "pk": 29, "fields": {"name": "Can add blog", "content_type": 8, "codename": "add_blog"}}, {"model": "auth.permission", "pk": 30, "fields": {"name": "Can change blog", "content_type": 8, "codename": "change_blog"}}, {"model": "auth.permission", "pk": 31, "fields": {"name": "Can delete blog", "content_type": 8, "codename": "delete_blog"}}, {"model": "auth.permission", "pk": 32, "fields": {"name": "Can view blog", "content_type": 8, "codename": "view_blog"}}, {"model": "auth.permission", "pk": 33, "fields": {"name": "Can add read num", "content_type": 9, "codename": "add_readnum"}}, {"model": "auth.permission", "pk": 34, "fields": {"name": "Can change read num", "content_type": 9, "codename": "change_readnum"}}, {"model": "auth.permission", "pk": 35, "fields": {"name": "Can delete read num", "content_type": 9, "codename": "delete_readnum"}}, {"model": "auth.permission", "pk": 36, "fields": {"name": "Can view read num", "content_type": 9, "codename": "view_readnum"}}, {"model": "auth.permission", "pk": 37, "fields": {"name": "Can add read num", "content_type": 10, "codename": "add_readnum"}}, {"model": "auth.permission", "pk": 38, "fields": {"name": "Can change read num", "content_type": 10, "codename": "change_readnum"}}, {"model": "auth.permission", "pk": 39, "fields": {"name": "Can delete read num", "content_type": 10, "codename": "delete_readnum"}}, {"model": "auth.permission", "pk": 40, "fields": {"name": "Can view read num", "content_type": 10, "codename": "view_readnum"}}, {"model": "auth.permission", "pk": 41, "fields": {"name": "Can add read detail", "content_type": 11, "codename": "add_readdetail"}}, {"model": "auth.permission", "pk": 42, "fields": {"name": "Can change read detail", "content_type": 11, "codename": "change_readdetail"}}, {"model": "auth.permission", "pk": 43, "fields": {"name": "Can delete read detail", "content_type": 11, "codename": "delete_readdetail"}}, {"model": "auth.permission", "pk": 44, "fields": {"name": "Can view read detail", "content_type": 11, "codename": "view_readdetail"}}, {"model": "auth.permission", "pk": 45, "fields": {"name": "Can add comment", "content_type": 12, "codename": "add_comment"}}, {"model": "auth.permission", "pk": 46, "fields": {"name": "Can change comment", "content_type": 12, "codename": "change_comment"}}, {"model": "auth.permission", "pk": 47, "fields": {"name": "Can delete comment", "content_type": 12, "codename": "delete_comment"}}, {"model": "auth.permission", "pk": 48, "fields": {"name": "Can view comment", "content_type": 12, "codename": "view_comment"}}, {"model": "auth.permission", "pk": 49, "fields": {"name": "Can add like record", "content_type": 13, "codename": "add_likerecord"}}, {"model": "auth.permission", "pk": 50, "fields": {"name": "Can change like record", "content_type": 13, "codename": "change_likerecord"}}, {"model": "auth.permission", "pk": 51, "fields": {"name": "Can delete like record", "content_type": 13, "codename": "delete_likerecord"}}, {"model": "auth.permission", "pk": 52, "fields": {"name": "Can view like record", "content_type": 13, "codename": "view_likerecord"}}, {"model": "auth.permission", "pk": 53, "fields": {"name": "Can add like count", "content_type": 14, "codename": "add_likecount"}}, {"model": "auth.permission", "pk": 54, "fields": {"name": "Can change like count", "content_type": 14, "codename": "change_likecount"}}, {"model": "auth.permission", "pk": 55, "fields": {"name": "Can delete like count", "content_type": 14, "codename": "delete_likecount"}}, {"model": "auth.permission", "pk": 56, "fields": {"name": "Can view like count", "content_type": 14, "codename": "view_likecount"}}, {"model": "auth.permission", "pk": 57, "fields": {"name": "Can add profile", "content_type": 15, "codename": "add_profile"}}, {"model": "auth.permission", "pk": 58, "fields": {"name": "Can change profile", "content_type": 15, "codename": "change_profile"}}, {"model": "auth.permission", "pk": 59, "fields": {"name": "Can delete profile", "content_type": 15, "codename": "delete_profile"}}, {"model": "auth.permission", "pk": 60, "fields": {"name": "Can view profile", "content_type": 15, "codename": "view_profile"}}, {"model": "auth.user", "pk": 1, "fields": {"password": "pbkdf2_sha256$150000$o851NT8CW1Rf$w3m/eLL6dwJXs66UUAuFDAxIv0QF/6KSrXaHOMALsZY=", "last_login": "2019-12-05T23:37:53.370", "is_superuser": true, "username": "yyx", "first_name": "", "last_name": "", "email": "997635832@qq.com", "is_staff": true, "is_active": true, "date_joined": "2019-11-14T06:46:00", "groups": [], "user_permissions": []}}, {"model": "auth.user", "pk": 2, "fields": {"password": "pbkdf2_sha256$150000$g5EWszatJDao$7zyj1DWT2E2d9MkxWuihZgdhYUX1Tpp96kPisBNVG5A=", "last_login": "2019-11-23T18:22:19.049", "is_superuser": false, "username": "yyx2", "first_name": "", "last_name": "", "email": "1@qq.com", "is_staff": false, "is_active": true, "date_joined": "2019-11-23T18:22:18.157", "groups": [], "user_permissions": []}}, {"model": "auth.user", "pk": 3, "fields": {"password": "pbkdf2_sha256$150000$I1i9lZKZsGCW$2aPx51sXHOnSv4GMOd9173BYQje/OfANF+RXwHvpbog=", "last_login": "2019-12-05T23:08:07.713", "is_superuser": false, "username": "yyx1", "first_name": "", "last_name": "", "email": "2325831427@qq.com", "is_staff": false, "is_active": true, "date_joined": "2019-12-05T22:16:16.378", "groups": [], "user_permissions": []}}, {"model": "blog.blog", "pk": 3, "fields": {"title": "\u957f\u5185\u5bb9\u7684\u535a\u5ba2", "content": "<h2>1.\u6d4b\u8bd5</h2>\r\n\r\n<h2><img alt=\"\" src=\"/media/uplpoad/2019/11/19/dttajq.png\" style=\"height:240px; width:489px\" /></h2>\r\n\r\n<p>\u963f\u65af\u987f\u53d1\u9001\u5230\u53d1\u9001\u5230\u53d1\u9001\u5230f<strong> \u963f\u65af\u987f\u53d1\u9001\u5230\u53d1\u9001\u5230\u53d1</strong></p>\r\n\r\n<p>\u9001\u5230f \u963f\u65af\u987f\u53d1\u9001\u5230\u53d1\u9001\u5230\u53d1\u9001</p>\r\n\r\n<p><span style=\"color:#1abc9c\">asdasdsa</span></p>\r\n\r\n<p><span style=\"color:#1abc9c\"><span style=\"background-color:#f1c40f\">asdssad</span></span></p>", "author": 1, "created_time": "2019-11-15T13:41:32.982", "last_updated_time": "2019-11-18T16:49:27.112", "blog_type": 2}}, {"model": "blog.blog", "pk": 4, "fields": {"title": "\u968f\u7b142", "content": "\u5965\u672f\u5927\u5e08\u591a", "author": 1, "created_time": "2019-11-15T14:08:30.756", "last_updated_time": "2019-11-15T14:08:30.756", "blog_type": 2}}, {"model": "blog.blog", "pk": 5, "fields": {"title": "Django1", "content": "\u5965\u672f\u5927\u5e08\u591a", "author": 1, "created_time": "2019-11-15T14:08:43.848", "last_updated_time": "2019-11-15T14:08:43.848", "blog_type": 1}}, {"model": "blog.blog", "pk": 6, "fields": {"title": "shell\u4e0b\u7b2c\u4e00\u7bc7", "content": "xxxxxxxxxx", "author": 1, "created_time": "2019-11-17T00:56:28.421", "last_updated_time": "2019-11-17T00:56:28.421", "blog_type": 1}}, {"model": "blog.blog", "pk": 7, "fields": {"title": "for 1", "content": "xxxx: 1", "author": 1, "created_time": "2019-11-17T01:01:25.507", "last_updated_time": "2019-11-17T01:01:25.507", "blog_type": 1}}, {"model": "blog.blog", "pk": 8, "fields": {"title": "for 2", "content": "xxxx: 2", "author": 1, "created_time": "2019-11-17T01:01:25.608", "last_updated_time": "2019-11-17T01:01:25.608", "blog_type": 1}}, {"model": "blog.blog", "pk": 9, "fields": {"title": "for 3", "content": "xxxx: 3", "author": 1, "created_time": "2019-11-17T01:01:25.690", "last_updated_time": "2019-11-17T01:01:25.690", "blog_type": 1}}, {"model": "blog.blog", "pk": 10, "fields": {"title": "for 4", "content": "xxxx: 4", "author": 1, "created_time": "2019-11-17T01:01:25.764", "last_updated_time": "2019-11-17T01:01:25.764", "blog_type": 1}}, {"model": "blog.blog", "pk": 11, "fields": {"title": "for 5", "content": "xxxx: 5", "author": 1, "created_time": "2019-11-17T01:01:25.845", "last_updated_time": "2019-11-17T01:01:25.845", "blog_type": 1}}, {"model": "blog.blog", "pk": 12, "fields": {"title": "for 6", "content": "xxxx: 6", "author": 1, "created_time": "2019-11-17T01:01:25.919", "last_updated_time": "2019-11-17T01:01:25.919", "blog_type": 1}}, {"model": "blog.blog", "pk": 13, "fields": {"title": "for 7", "content": "xxxx: 7", "author": 1, "created_time": "2019-11-17T01:01:26.017", "last_updated_time": "2019-11-17T01:01:26.017", "blog_type": 1}}, {"model": "blog.blog", "pk": 14, "fields": {"title": "for 8", "content": "xxxx: 8", "author": 1, "created_time": "2019-11-17T01:01:26.124", "last_updated_time": "2019-11-17T01:01:26.124", "blog_type": 1}}, {"model": "blog.blog", "pk": 15, "fields": {"title": "for 9", "content": "xxxx: 9", "author": 1, "created_time": "2019-11-17T01:01:26.221", "last_updated_time": "2019-11-17T01:01:26.221", "blog_type": 1}}, {"model": "blog.blog", "pk": 16, "fields": {"title": "for 10", "content": "xxxx: 10", "author": 1, "created_time": "2019-11-17T01:01:26.320", "last_updated_time": "2019-11-17T01:01:26.320", "blog_type": 1}}, {"model": "blog.blog", "pk": 17, "fields": {"title": "for 11", "content": "xxxx: 11", "author": 1, "created_time": "2019-11-17T01:01:26.402", "last_updated_time": "2019-11-17T01:01:26.402", "blog_type": 1}}, {"model": "blog.blog", "pk": 18, "fields": {"title": "for 12", "content": "xxxx: 12", "author": 1, "created_time": "2019-11-17T01:01:26.484", "last_updated_time": "2019-11-17T01:01:26.484", "blog_type": 1}}, {"model": "blog.blog", "pk": 19, "fields": {"title": "for 13", "content": "xxxx: 13", "author": 1, "created_time": "2019-11-17T01:01:26.597", "last_updated_time": "2019-11-17T01:01:26.597", "blog_type": 1}}, {"model": "blog.blog", "pk": 20, "fields": {"title": "for 14", "content": "xxxx: 14", "author": 1, "created_time": "2019-11-17T01:01:26.692", "last_updated_time": "2019-11-17T01:01:26.692", "blog_type": 1}}, {"model": "blog.blog", "pk": 21, "fields": {"title": "for 15", "content": "xxxx: 15", "author": 1, "created_time": "2019-11-17T01:01:26.801", "last_updated_time": "2019-11-17T01:01:26.801", "blog_type": 1}}, {"model": "blog.blog", "pk": 22, "fields": {"title": "for 16", "content": "xxxx: 16", "author": 1, "created_time": "2019-11-17T01:01:26.890", "last_updated_time": "2019-11-17T01:01:26.891", "blog_type": 1}}, {"model": "blog.blog", "pk": 23, "fields": {"title": "for 17", "content": "xxxx: 17", "author": 1, "created_time": "2019-11-17T01:01:26.985", "last_updated_time": "2019-11-17T01:01:26.985", "blog_type": 1}}, {"model": "blog.blog", "pk": 24, "fields": {"title": "for 18", "content": "xxxx: 18", "author": 1, "created_time": "2019-11-17T01:01:27.113", "last_updated_time": "2019-11-17T01:01:27.113", "blog_type": 1}}, {"model": "blog.blog", "pk": 25, "fields": {"title": "for 19", "content": "xxxx: 19", "author": 1, "created_time": "2019-11-17T01:01:27.227", "last_updated_time": "2019-11-17T01:01:27.227", "blog_type": 1}}, {"model": "blog.blog", "pk": 26, "fields": {"title": "for 20", "content": "xxxx: 20", "author": 1, "created_time": "2019-11-17T01:01:27.322", "last_updated_time": "2019-11-17T01:01:27.322", "blog_type": 1}}, {"model": "blog.blog", "pk": 27, "fields": {"title": "for 21", "content": "xxxx: 21", "author": 1, "created_time": "2019-11-17T01:01:27.425", "last_updated_time": "2019-11-17T01:01:27.425", "blog_type": 1}}, {"model": "blog.blog", "pk": 28, "fields": {"title": "for 22", "content": "xxxx: 22", "author": 1, "created_time": "2019-11-17T01:01:27.520", "last_updated_time": "2019-11-17T01:01:27.520", "blog_type": 1}}, {"model": "blog.blog", "pk": 29, "fields": {"title": "for 23", "content": "xxxx: 23", "author": 1, "created_time": "2019-11-17T01:01:27.615", "last_updated_time": "2019-11-17T01:01:27.615", "blog_type": 1}}, {"model": "blog.blog", "pk": 30, "fields": {"title": "for 24", "content": "xxxx: 24", "author": 1, "created_time": "2019-11-17T01:01:27.733", "last_updated_time": "2019-11-17T01:01:27.733", "blog_type": 1}}, {"model": "blog.blog", "pk": 31, "fields": {"title": "for 25", "content": "xxxx: 25", "author": 1, "created_time": "2019-11-17T01:01:27.829", "last_updated_time": "2019-11-17T01:01:27.829", "blog_type": 1}}, {"model": "blog.blog", "pk": 32, "fields": {"title": "for 26", "content": "xxxx: 26", "author": 1, "created_time": "2019-11-17T01:01:27.947", "last_updated_time": "2019-11-17T01:01:27.947", "blog_type": 1}}, {"model": "blog.blog", "pk": 33, "fields": {"title": "for 27", "content": "xxxx: 27", "author": 1, "created_time": "2019-11-17T01:01:28.051", "last_updated_time": "2019-11-17T01:01:28.051", "blog_type": 1}}, {"model": "blog.blog", "pk": 34, "fields": {"title": "for 28", "content": "xxxx: 28", "author": 1, "created_time": "2019-11-17T01:01:28.155", "last_updated_time": "2019-11-17T01:01:28.155", "blog_type": 1}}, {"model": "blog.blog", "pk": 35, "fields": {"title": "for 29", "content": "xxxx: 29", "author": 1, "created_time": "2019-11-17T01:01:28.259", "last_updated_time": "2019-11-17T01:01:28.259", "blog_type": 1}}, {"model": "blog.blog", "pk": 36, "fields": {"title": "for 30", "content": "xxxx: 30", "author": 1, "created_time": "2019-11-17T01:01:28.353", "last_updated_time": "2019-11-18T17:09:25.824", "blog_type": 1}}, {"model": "comment.comment", "pk": 1, "fields": {"content_type": 8, "object_id": 36, "text": "123", "comment_time": "2019-11-23T16:47:06.932", "user": 1, "root": null, "parent": null, "reply_to": null}}, {"model": "comment.comment", "pk": 2, "fields": {"content_type": 8, "object_id": 36, "text": "234", "comment_time": "2019-11-23T16:53:44.848", "user": 1, "root": null, "parent": null, "reply_to": null}}, {"model": "comment.comment", "pk": 3, "fields": {"content_type": 8, "object_id": 36, "text": "345", "comment_time": "2019-11-23T23:02:28.202", "user": 2, "root": null, "parent": null, "reply_to": null}}, {"model": "comment.comment", "pk": 4, "fields": {"content_type": 8, "object_id": 36, "text": "456", "comment_time": "2019-11-23T23:19:42.442", "user": 2, "root": null, "parent": null, "reply_to": null}}, {"model": "comment.comment", "pk": 5, "fields": {"content_type": 8, "object_id": 36, "text": "<p>567</p>", "comment_time": "2019-11-23T23:39:11.508", "user": 2, "root": null, "parent": null, "reply_to": null}}, {"model": "comment.comment", "pk": 6, "fields": {"content_type": 8, "object_id": 36, "text": "<p>678</p>", "comment_time": "2019-11-24T00:33:50.791", "user": 2, "root": null, "parent": null, "reply_to": null}}, {"model": "comment.comment", "pk": 7, "fields": {"content_type": 8, "object_id": 36, "text": "<p>789</p>", "comment_time": "2019-11-24T00:37:05.254", "user": 2, "root": null, "parent": null, "reply_to": null}}, {"model": "comment.comment", "pk": 8, "fields": {"content_type": 8, "object_id": 36, "text": "<p>899</p>", "comment_time": "2019-11-24T00:43:33.072", "user": 2, "root": null, "parent": null, "reply_to": null}}, {"model": "comment.comment", "pk": 9, "fields": {"content_type": 8, "object_id": 36, "text": "<p>000</p>", "comment_time": "2019-11-24T00:45:28.818", "user": 2, "root": null, "parent": null, "reply_to": null}}, {"model": "comment.comment", "pk": 10, "fields": {"content_type": 8, "object_id": 36, "text": "<p><img alt=\"smiley\" height=\"23\" src=\"http://localhost:8000/static/ckeditor/ckeditor/plugins/smiley/images/regular_smile.png\" title=\"smiley\" width=\"23\" /></p>", "comment_time": "2019-11-24T01:04:22.237", "user": 2, "root": null, "parent": null, "reply_to": null}}, {"model": "comment.comment", "pk": 11, "fields": {"content_type": 8, "object_id": 35, "text": "<p>123</p>", "comment_time": "2019-11-24T01:04:52.282", "user": 2, "root": null, "parent": null, "reply_to": null}}, {"model": "comment.comment", "pk": 12, "fields": {"content_type": 8, "object_id": 36, "text": "<p>123</p>", "comment_time": "2019-11-24T01:05:08.309", "user": 2, "root": null, "parent": null, "reply_to": null}}, {"model": "comment.comment", "pk": 13, "fields": {"content_type": 8, "object_id": 36, "text": "<p>123</p>", "comment_time": "2019-11-24T01:06:33.156", "user": 2, "root": null, "parent": null, "reply_to": null}}, {"model": "comment.comment", "pk": 14, "fields": {"content_type": 8, "object_id": 36, "text": "<p>123</p>", "comment_time": "2019-11-24T01:08:03.078", "user": 2, "root": null, "parent": null, "reply_to": null}}, {"model": "comment.comment", "pk": 15, "fields": {"content_type": 8, "object_id": 36, "text": "<p>weqw</p>", "comment_time": "2019-11-24T01:11:16.301", "user": 2, "root": null, "parent": null, "reply_to": null}}, {"model": "comment.comment", "pk": 16, "fields": {"content_type": 8, "object_id": 36, "text": "123123", "comment_time": "2019-11-26T08:48:42.769", "user": 2, "root": 1, "parent": 1, "reply_to": 2}}, {"model": "comment.comment", "pk": 18, "fields": {"content_type": 8, "object_id": 36, "text": "<p>1234</p>", "comment_time": "2019-11-26T10:28:00.996", "user": 1, "root": 10, "parent": 10, "reply_to": 2}}, {"model": "comment.comment", "pk": 19, "fields": {"content_type": 8, "object_id": 36, "text": "<p>12345</p>", "comment_time": "2019-11-26T10:36:10.110", "user": 1, "root": 10, "parent": 10, "reply_to": 2}}, {"model": "comment.comment", "pk": 20, "fields": {"content_type": 8, "object_id": 36, "text": "<p>\u7b2c\u4e8c\u6761</p>", "comment_time": "2019-12-04T16:35:08.566", "user": 1, "root": null, "parent": null, "reply_to": null}}, {"model": "comment.comment", "pk": 21, "fields": {"content_type": 8, "object_id": 36, "text": "<p>asdsads</p>", "comment_time": "2019-12-04T16:35:15.878", "user": 1, "root": 20, "parent": 20, "reply_to": 1}}, {"model": "comment.comment", "pk": 22, "fields": {"content_type": 8, "object_id": 36, "text": "<p>\u7b2c\u4e09\u6761</p>", "comment_time": "2019-12-04T16:46:24.741", "user": 1, "root": null, "parent": null, "reply_to": null}}, {"model": "comment.comment", "pk": 23, "fields": {"content_type": 8, "object_id": 36, "text": "<p>\u5965\u672f\u5927\u5e08\u591a\u6240</p>", "comment_time": "2019-12-04T16:48:27.122", "user": 1, "root": 22, "parent": 22, "reply_to": 1}}, {"model": "comment.comment", "pk": 24, "fields": {"content_type": 8, "object_id": 35, "text": "<p>aaa</p>", "comment_time": "2019-12-04T19:36:06.133", "user": 1, "root": null, "parent": null, "reply_to": null}}, {"model": "comment.comment", "pk": 25, "fields": {"content_type": 8, "object_id": 35, "text": "<p>234</p>", "comment_time": "2019-12-04T19:36:15.546", "user": 1, "root": 24, "parent": 24, "reply_to": 1}}, {"model": "comment.comment", "pk": 26, "fields": {"content_type": 8, "object_id": 36, "text": "<p>123</p>", "comment_time": "2019-12-04T19:38:42.500", "user": 1, "root": null, "parent": null, "reply_to": null}}, {"model": "comment.comment", "pk": 27, "fields": {"content_type": 8, "object_id": 36, "text": "<p>234</p>", "comment_time": "2019-12-04T19:38:50.220", "user": 1, "root": 26, "parent": 26, "reply_to": 1}}, {"model": "comment.comment", "pk": 28, "fields": {"content_type": 8, "object_id": 36, "text": "<p>asdsad</p>", "comment_time": "2019-12-05T23:37:33.247", "user": 3, "root": null, "parent": null, "reply_to": null}}, {"model": "comment.comment", "pk": 29, "fields": {"content_type": 8, "object_id": 36, "text": "<p>123456</p>", "comment_time": "2019-12-05T23:38:01.066", "user": 1, "root": 28, "parent": 28, "reply_to": 3}}, {"model": "comment.comment", "pk": 30, "fields": {"content_type": 8, "object_id": 36, "text": "<p>\u591a\u7ebf\u7a0b\u53d1\u9001\u90ae\u4ef6\u901a\u77e5</p>", "comment_time": "2019-12-05T23:50:23.846", "user": 1, "root": null, "parent": null, "reply_to": null}}, {"model": "comment.comment", "pk": 31, "fields": {"content_type": 8, "object_id": 36, "text": "<p>html\u90ae\u4ef6\u6d4b\u8bd5</p>", "comment_time": "2019-12-05T23:54:50.090", "user": 1, "root": null, "parent": null, "reply_to": null}}, {"model": "comment.comment", "pk": 32, "fields": {"content_type": 8, "object_id": 36, "text": "<p>html\u6a21\u677f\u7ec4\u7ec7\u5185\u5bb9,\u53d1\u9001\u90ae\u4ef6</p>", "comment_time": "2019-12-06T00:01:14.139", "user": 1, "root": null, "parent": null, "reply_to": null}}, {"model": "comment.comment", "pk": 33, "fields": {"content_type": 8, "object_id": 36, "text": "<p>html\u6a21\u677f\u6d4b\u8bd5</p>", "comment_time": "2019-12-06T00:04:09.304", "user": 1, "root": null, "parent": null, "reply_to": null}}, {"model": "likes.likerecord", "pk": 11, "fields": {"content_type": 8, "object_id": 35, "user": 1, "liked_time": "2019-12-04T18:30:29.360"}}, {"model": "likes.likerecord", "pk": 19, "fields": {"content_type": 8, "object_id": 36, "user": 1, "liked_time": "2019-12-04T19:04:40.837"}}, {"model": "user.profile", "pk": 1, "fields": {"user": 1, "nickname": "\u59da\u5f66\u946b"}}, {"model": "admin.logentry", "pk": 1, "fields": {"action_time": "2019-11-14T07:45:28.027", "user": 1, "content_type": 7, "object_id": "1", "object_repr": "BlogType object (1)", "action_flag": 1, "change_message": "[{\"added\": {}}]"}}, {"model": "admin.logentry", "pk": 2, "fields": {"action_time": "2019-11-14T07:45:38.573", "user": 1, "content_type": 7, "object_id": "2", "object_repr": "BlogType object (2)", "action_flag": 1, "change_message": "[{\"added\": {}}]"}}, {"model": "admin.logentry", "pk": 3, "fields": {"action_time": "2019-11-14T07:45:45.760", "user": 1, "content_type": 7, "object_id": "3", "object_repr": "BlogType object (3)", "action_flag": 1, "change_message": "[{\"added\": {}}]"}}, {"model": "admin.logentry", "pk": 4, "fields": {"action_time": "2019-11-14T07:47:59.016", "user": 1, "content_type": 8, "object_id": "1", "object_repr": "<Blog: \u7b2c\u4e00\u7bc7\u535a\u5ba2>", "action_flag": 1, "change_message": "[{\"added\": {}}]"}}, {"model": "admin.logentry", "pk": 5, "fields": {"action_time": "2019-11-15T13:34:15.409", "user": 1, "content_type": 8, "object_id": "2", "object_repr": "<Blog: \u7b2c\u4e8c\u7bc7\u535a\u5ba2>", "action_flag": 1, "change_message": "[{\"added\": {}}]"}}, {"model": "admin.logentry", "pk": 6, "fields": {"action_time": "2019-11-15T13:40:43.196", "user": 1, "content_type": 8, "object_id": "2", "object_repr": "<Blog: \u7b2c\u4e8c\u7bc7\u535a\u5ba2>", "action_flag": 3, "change_message": ""}}, {"model": "admin.logentry", "pk": 7, "fields": {"action_time": "2019-11-15T13:40:43.294", "user": 1, "content_type": 8, "object_id": "1", "object_repr": "<Blog: \u7b2c\u4e00\u7bc7\u535a\u5ba2>", "action_flag": 3, "change_message": ""}}, {"model": "admin.logentry", "pk": 8, "fields": {"action_time": "2019-11-15T13:41:32.992", "user": 1, "content_type": 8, "object_id": "3", "object_repr": "<Blog: \u957f\u5185\u5bb9\u7684\u535a\u5ba2>", "action_flag": 1, "change_message": "[{\"added\": {}}]"}}, {"model": "admin.logentry", "pk": 9, "fields": {"action_time": "2019-11-15T14:08:30.759", "user": 1, "content_type": 8, "object_id": "4", "object_repr": "<Blog: \u968f\u7b142>", "action_flag": 1, "change_message": "[{\"added\": {}}]"}}, {"model": "admin.logentry", "pk": 10, "fields": {"action_time": "2019-11-15T14:08:43.850", "user": 1, "content_type": 8, "object_id": "5", "object_repr": "<Blog: Django1>", "action_flag": 1, "change_message": "[{\"added\": {}}]"}}, {"model": "admin.logentry", "pk": 11, "fields": {"action_time": "2019-11-18T16:39:30.258", "user": 1, "content_type": 8, "object_id": "3", "object_repr": "<Blog: \u957f\u5185\u5bb9\u7684\u535a\u5ba2>", "action_flag": 2, "change_message": "[{\"changed\": {\"fields\": [\"content\"]}}]"}}, {"model": "admin.logentry", "pk": 12, "fields": {"action_time": "2019-11-18T16:49:27.139", "user": 1, "content_type": 8, "object_id": "3", "object_repr": "<Blog: \u957f\u5185\u5bb9\u7684\u535a\u5ba2>", "action_flag": 2, "change_message": "[{\"changed\": {\"fields\": [\"content\"]}}]"}}, {"model": "admin.logentry", "pk": 13, "fields": {"action_time": "2019-11-18T21:41:16.666", "user": 1, "content_type": 9, "object_id": "1", "object_repr": "ReadNum object (1)", "action_flag": 1, "change_message": "[{\"added\": {}}]"}}, {"model": "admin.logentry", "pk": 14, "fields": {"action_time": "2019-11-18T22:31:26.723", "user": 1, "content_type": 10, "object_id": "1", "object_repr": "ReadNum object (1)", "action_flag": 1, "change_message": "[{\"added\": {}}]"}}, {"model": "admin.logentry", "pk": 15, "fields": {"action_time": "2019-11-22T05:30:56.322", "user": 1, "content_type": 11, "object_id": "1", "object_repr": "ReadDetail object (1)", "action_flag": 1, "change_message": "[{\"added\": {}}]"}}, {"model": "admin.logentry", "pk": 16, "fields": {"action_time": "2019-11-22T05:31:23.331", "user": 1, "content_type": 11, "object_id": "1", "object_repr": "ReadDetail object (1)", "action_flag": 3, "change_message": ""}}, {"model": "admin.logentry", "pk": 17, "fields": {"action_time": "2019-11-22T05:31:43.071", "user": 1, "content_type": 11, "object_id": "2", "object_repr": "ReadDetail object (2)", "action_flag": 1, "change_message": "[{\"added\": {}}]"}}, {"model": "admin.logentry", "pk": 18, "fields": {"action_time": "2019-11-22T05:42:04.196", "user": 1, "content_type": 11, "object_id": "3", "object_repr": "ReadDetail object (3)", "action_flag": 3, "change_message": ""}}, {"model": "admin.logentry", "pk": 19, "fields": {"action_time": "2019-11-22T05:45:06.180", "user": 1, "content_type": 11, "object_id": "2", "object_repr": "ReadDetail object (2)", "action_flag": 2, "change_message": "[{\"changed\": {\"fields\": [\"date\"]}}]"}}, {"model": "admin.logentry", "pk": 20, "fields": {"action_time": "2019-11-26T08:48:42.770", "user": 1, "content_type": 12, "object_id": "16", "object_repr": "Comment object (16)", "action_flag": 1, "change_message": "[{\"added\": {}}]"}}, {"model": "admin.logentry", "pk": 21, "fields": {"action_time": "2019-11-26T08:51:23.409", "user": 1, "content_type": 12, "object_id": "16", "object_repr": "123123", "action_flag": 2, "change_message": "[{\"changed\": {\"fields\": [\"parent\"]}}]"}}, {"model": "admin.logentry", "pk": 22, "fields": {"action_time": "2019-11-26T09:02:11.000", "user": 1, "content_type": 12, "object_id": "16", "object_repr": "123123", "action_flag": 2, "change_message": "[{\"changed\": {\"fields\": [\"root\", \"reply_to\"]}}]"}}, {"model": "admin.logentry", "pk": 23, "fields": {"action_time": "2019-11-26T09:02:35.221", "user": 1, "content_type": 12, "object_id": "16", "object_repr": "123123", "action_flag": 2, "change_message": "[{\"changed\": {\"fields\": [\"reply_to\"]}}]"}}, {"model": "admin.logentry", "pk": 24, "fields": {"action_time": "2019-11-26T09:03:04.904", "user": 1, "content_type": 12, "object_id": "16", "object_repr": "123123", "action_flag": 2, "change_message": "[{\"changed\": {\"fields\": [\"user\"]}}]"}}, {"model": "admin.logentry", "pk": 25, "fields": {"action_time": "2019-11-26T09:25:37.550", "user": 1, "content_type": 12, "object_id": "17", "object_repr": "<p>123</p>", "action_flag": 3, "change_message": ""}}, {"model": "admin.logentry", "pk": 26, "fields": {"action_time": "2019-12-05T14:16:51.323", "user": 1, "content_type": 15, "object_id": "1", "object_repr": "<Profile: \u59da\u5f66\u946b for yyx>", "action_flag": 1, "change_message": "[{\"added\": {}}]"}}, {"model": "admin.logentry", "pk": 27, "fields": {"action_time": "2019-12-05T18:46:42.248", "user": 1, "content_type": 4, "object_id": "1", "object_repr": "yyx", "action_flag": 2, "change_message": "[{\"changed\": {\"fields\": [\"email\", \"last_login\"]}}]"}}]